O;ARCH;VEC;ALIG;IMG;KER;MINC;E;FM;S;Total_s;Read_s;Read_cyc;Write_s;Write_cyc;Conv_s;Conv_cyc;Ker_s;Ker_cyc
0;+;+;+;C;D;3;+;+;+;13.8371;0.059500;201832947;4.755967;16133322113;9.016067;30584629821;0.000100;396965
0;+;+;+;C;D;3;+;-;+;13.8801;0.056767;192467769;4.799033;16279441221;9.019167;30595237103;0.000100;428080
0;+;+;+;C;D;3;-;+;+;14.5865;0.056433;191284201;5.079533;17231025723;9.444100;32036614722;0.000100;418325
0;+;+;+;C;D;3;-;-;+;14.5353;0.056267;190779582;5.019133;17026060170;9.453733;32069348271;0.000100;435250
0;+;-;+;C;D;3;+;+;+;29.6284;0.057300;194481470;5.027767;17055343149;24.536533;83234046811;0.000100;421124
0;+;-;+;C;D;3;+;-;+;29.7551;0.056733;192484774;5.026933;17052441723;24.664800;83669063655;0.000100;444434
0;+;-;+;C;D;3;-;+;+;25.7797;0.057900;196452982;5.047400;17121902162;20.667867;70110534108;0.000100;425524
0;+;-;+;C;D;3;-;-;+;25.6986;0.058367;197948723;5.044467;17112067906;20.589300;69844014878;0.000100;405122
0;+;~;+;C;D;3;+;+;+;7.7860;0.055667;188815931;4.778267;16208925362;2.946933;9996608507;0.000100;411926
0;+;~;+;C;D;3;+;-;+;7.8154;0.055633;188759328;4.754133;16126806689;3.000400;10177775689;0.000100;411545
0;+;~;+;C;D;3;-;+;+;8.3057;0.057733;195848596;5.050233;17131345255;3.190967;10824230300;0.000100;383620
0;+;~;+;C;D;3;-;-;+;8.1883;0.059533;201942280;5.037933;17089550007;3.083567;10459917563;0.000100;393425
0;+;+;+;C;D;4;+;+;+;13.8050;0.055767;189137753;4.749767;16112022633;8.994400;30510699667;0.000100;406601
0;+;+;+;C;D;4;+;-;+;13.8595;0.058733;199309903;4.787867;16241377825;9.007167;30554082350;0.000100;415283
0;+;+;+;C;D;4;-;+;+;14.5677;0.056000;189948477;5.064500;17179766050;9.440367;32023514539;0.000100;435376
0;+;+;+;C;D;4;-;-;+;14.5025;0.056567;191959542;5.014433;17009931799;9.425133;31971874218;0.000100;414349
0;+;-;+;C;D;4;+;+;+;29.6078;0.056500;191768283;5.035867;17082649161;24.509000;83139699676;0.000100;433383
0;+;-;+;C;D;4;+;-;+;29.7057;0.056200;190660201;5.017500;17020354478;24.625133;83533752370;0.000100;440760
0;+;-;+;C;D;4;-;+;+;25.7898;0.056333;191082583;5.049567;17129256046;20.677400;70142293060;0.000100;419602
0;+;-;+;C;D;4;-;-;+;25.7590;0.056633;192115999;5.063000;17174807377;20.633033;69991769071;0.000100;405389
0;+;~;+;C;D;4;+;+;+;7.7913;0.055600;188590461;4.776500;16202958690;2.953833;10019954015;0.000100;403758
0;+;~;+;C;D;4;+;-;+;7.8269;0.057700;195781918;4.766967;16170601674;2.996600;10165145370;0.000100;438442
0;+;~;+;C;D;4;-;+;+;8.3004;0.058500;198436696;5.040200;17097433728;3.195500;10839776592;0.000100;408007
0;+;~;+;C;D;4;-;-;+;8.1974;0.057900;196400941;5.045933;17116966919;3.086567;10470140456;0.000100;395839
0;+;+;+;C;F;3;+;+;+;10.2696;0.057000;193379245;4.804667;16298460228;5.402500;18326373276;0.000100;376068
0;+;+;+;C;F;3;+;-;+;10.2398;0.055500;188345323;4.685433;15894008250;5.493567;18635303061;0.000100;367777
0;+;+;+;C;F;3;-;+;+;10.6779;0.056933;193103946;4.946300;16778906299;5.668233;19227918531;0.000100;375204
0;+;+;+;C;F;3;-;-;+;10.7286;0.056033;190086034;4.932467;16732002648;5.733567;19449597981;0.000100;395475
0;+;-;+;C;F;3;+;+;+;29.8559;0.058233;197557854;5.063633;17176894806;24.727500;83881379887;0.000100;358446
0;+;-;+;C;F;3;+;-;+;29.7471;0.057433;194822204;5.015000;17011941377;24.668367;83680831976;0.000100;382106
0;+;-;+;C;F;3;-;+;+;25.9904;0.056633;192169378;5.074533;17213809330;20.853300;70739128213;0.000100;340575
0;+;-;+;C;F;3;-;-;+;25.8808;0.058700;199019464;5.072733;17207801577;20.742900;70364698666;0.000100;343502
0;+;~;+;C;F;3;+;+;+;7.9434;0.058400;198076085;4.856900;16475711952;3.022367;10252546099;0.000100;408693
0;+;~;+;C;F;3;+;-;+;7.7296;0.058367;197973044;4.779233;16212179677;2.886500;9791608544;0.000100;364396
0;+;~;+;C;F;3;-;+;+;8.2429;0.058500;198425129;5.053033;17141039127;3.124767;10599806169;0.000100;340178
0;+;~;+;C;F;3;-;-;+;8.2449;0.059767;202792643;5.046233;17117922977;3.132533;10626124277;0.000100;358629
0;+;+;+;C;F;4;+;+;+;10.2007;0.055400;188032826;4.742867;16088888265;5.396900;18307442983;0.000100;375487
0;+;+;+;C;F;4;+;-;+;10.3153;0.055867;189484004;4.717000;16001098602;5.537300;18783771272;0.000100;384502
0;+;+;+;C;F;4;-;+;+;10.7287;0.058767;199306892;4.985233;16910922184;5.678067;19261286052;0.000100;380042
0;+;+;+;C;F;4;-;-;+;10.7387;0.057600;195261201;4.958900;16821631570;5.715733;19388998656;0.000100;365517
0;+;-;+;C;F;4;+;+;+;30.0094;0.056667;192165411;5.086233;17253553894;24.860500;84332607714;0.000100;362508
0;+;-;+;C;F;4;+;-;+;29.9307;0.058300;197700191;5.067233;17189225505;24.798600;84122659118;0.000100;358266
0;+;-;+;C;F;4;-;+;+;25.9200;0.056700;192297298;5.069933;17198224159;20.787067;70514620489;0.000100;367543
0;+;-;+;C;F;4;-;-;+;25.8678;0.058833;199460915;5.083167;17243321176;20.719300;70284638444;0.000100;353812
0;+;~;+;C;F;4;+;+;+;7.8358;0.055633;188689556;4.781767;16220779272;2.993233;10153668216;0.000100;387370
0;+;~;+;C;F;4;+;-;+;7.6836;0.057667;195581122;4.750200;16113751307;2.870233;9736473380;0.000100;358520
0;+;~;+;C;F;4;-;+;+;8.2124;0.058233;197569244;5.033867;17076062455;3.113933;10563154869;0.000100;329364
0;+;~;+;C;F;4;-;-;+;8.1946;0.058133;197210563;5.012467;17003555478;3.117467;10575183735;0.000100;352084
0;+;+;+;C;I;3;+;+;+;29.3591;0.058167;197196424;5.041833;17103127122;24.252733;82271447620;0.000100;409550
0;+;+;+;C;I;3;+;-;+;29.5843;0.056667;192228872;5.036933;17086464037;24.484267;83056853757;0.000100;391042
0;+;+;+;C;I;3;-;+;+;25.3521;0.058167;197217609;5.079567;17231093104;20.207900;68550309049;0.000100;372955
0;+;+;+;C;I;3;-;-;+;25.2407;0.058400;198074627;5.089467;17264675750;20.086200;68137352347;0.000100;374783
0;+;-;+;C;I;3;+;+;+;29.8089;0.057200;194036056;5.062633;17173610099;24.682700;83729859342;0.000100;416714
0;+;-;+;C;I;3;+;-;+;29.7147;0.063100;214040586;5.077033;17222384340;24.567367;83338519166;0.000100;417625
0;+;-;+;C;I;3;-;+;+;25.2093;0.056467;191599816;5.050967;17134025670;20.095100;68167428105;0.000100;389725
0;+;-;+;C;I;3;-;-;+;25.2582;0.058133;197350309;5.046700;17119581596;20.146600;68342062398;0.000100;388568
0;+;~;+;C;I;3;+;+;+;7.4209;0.055800;189305935;4.772267;16188605002;2.587300;8776782695;0.000100;397611
0;+;~;+;C;I;3;+;-;+;7.4552;0.056100;190324469;4.777000;16204684855;2.616867;8876864859;0.000100;403357
0;+;~;+;C;I;3;-;+;+;7.8704;0.059167;200774904;5.046500;17118854969;2.757933;9355510168;0.000100;404580
0;+;~;+;C;I;3;-;-;+;7.9140;0.056667;192203082;5.077767;17225030881;2.773333;9407679061;0.000100;388539
0;+;+;+;C;I;4;+;+;+;29.3967;0.056267;190809218;5.061867;17171099580;24.271867;82336119388;0.000100;389781
0;+;+;+;C;I;4;+;-;+;29.5358;0.057600;195367373;5.044267;17111283673;24.427333;82863468984;0.000100;392267
0;+;+;+;C;I;4;-;+;+;25.1861;0.057933;196480598;5.032467;17071200651;20.088900;68146491908;0.000100;374475
0;+;+;+;C;I;4;-;-;+;25.0636;0.056267;190904542;5.035567;17081890334;19.965233;67726897366;0.000100;367210
0;+;-;+;C;I;4;+;+;+;29.6607;0.056567;191867106;5.036967;17086435991;24.560967;83316667190;0.000100;400727
0;+;-;+;C;I;4;+;-;+;29.6568;0.058433;198168518;5.040567;17098731863;24.550933;83282714303;0.000100;410151
0;+;-;+;C;I;4;-;+;+;25.1811;0.059467;201713334;5.051033;17134273059;20.064067;68062090272;0.000100;381719
0;+;-;+;C;I;4;-;-;+;25.3431;0.056733;192458948;5.071600;17204094348;20.208467;68551939269;0.000100;381906
0;+;~;+;C;I;4;+;+;+;7.4235;0.057200;194053413;4.777833;16207459322;2.583300;8763076260;0.000100;392631
0;+;~;+;C;I;4;+;-;+;7.4404;0.057067;193615174;4.761633;16152596526;2.616233;8874766017;0.000100;408714
0;+;~;+;C;I;4;-;+;+;7.8863;0.056833;192728269;5.063433;17176281982;2.760033;9362613105;0.000100;419672
0;+;~;+;C;I;4;-;-;+;7.9271;0.056300;190977698;5.085100;17249775653;2.779167;9427453669;0.000100;378583
0;+;+;+;F;D;3;+;+;+;8.9575;0.181233;614797390;1.008767;3421828982;7.762333;26331518983;0.000100;394802
0;+;+;+;F;D;3;+;-;+;8.9453;0.178800;606409875;1.008867;3422127331;7.752433;26298017447;0.000100;389744
0;+;+;+;F;D;3;-;+;+;9.4754;0.180667;612807855;1.158500;3929841038;8.130500;27580525024;0.000100;385520
0;+;+;+;F;D;3;-;-;+;9.4479;0.180700;612989126;1.148933;3897330219;8.112700;27520002448;0.000100;400996
0;+;-;+;F;D;3;+;+;+;25.7293;0.178133;604323725;1.148400;3895634214;24.397300;82761557108;0.000100;397398
0;+;-;+;F;D;3;+;-;+;25.5168;0.179733;609710866;1.145667;3886280240;24.185867;82044220866;0.000100;393516
0;+;-;+;F;D;3;-;+;+;21.7748;0.179600;609283026;1.178967;3999291533;20.410567;69237592407;0.000100;378151
0;+;-;+;F;D;3;-;-;+;21.8461;0.180267;611567745;1.171000;3972225859;20.489567;69505449264;0.000100;373357
0;+;~;+;F;D;3;+;+;+;4.0780;0.178367;605079247;0.994567;3373751805;2.899833;9836836766;0.000100;376516
0;+;~;+;F;D;3;+;-;+;4.1150;0.187967;637692648;1.000833;3394966330;2.920133;9905651913;0.000100;367323
0;+;~;+;F;D;3;-;+;+;4.4327;0.182933;620653643;1.155367;3919158378;3.088667;10477408674;0.000100;385618
0;+;~;+;F;D;3;-;-;+;4.3807;0.180467;612141927;1.133267;3844226549;3.061367;10384736201;0.000100;358791
0;+;+;+;F;D;4;+;+;+;8.9168;0.182633;619580985;1.005067;3409441259;7.724033;26201530489;0.000100;380863
0;+;+;+;F;D;4;+;-;+;8.9646;0.179367;608421772;1.010900;3429167736;7.769033;26354323338;0.000100;382519
0;+;+;+;F;D;4;-;+;+;9.4893;0.180533;612509642;1.161333;3939444063;8.141933;27619264281;0.000100;392463
0;+;+;+;F;D;4;-;-;+;9.4496;0.179000;607188382;1.148133;3894771182;8.116933;27534497137;0.000100;403216
0;+;-;+;F;D;4;+;+;+;25.7141;0.185700;629944419;1.152000;3907764805;24.370233;82669642406;0.000100;427234
0;+;-;+;F;D;4;+;-;+;25.5089;0.181967;617260928;1.140700;3869456852;24.180367;82025507452;0.000100;419253
0;+;-;+;F;D;4;-;+;+;21.6890;0.178433;605247705;1.164800;3951183998;20.340000;68998079723;0.000100;385303
0;+;-;+;F;D;4;-;-;+;21.6646;0.179433;608709433;1.160233;3935733666;20.319500;68928533882;0.000100;369269
0;+;~;+;F;D;4;+;+;+;4.0623;0.177667;602614738;0.989900;3357889228;2.889867;9803051105;0.000100;377125
0;+;~;+;F;D;4;+;-;+;4.1013;0.178933;607055763;0.998733;3387816787;2.918500;9900183546;0.000100;365072
0;+;~;+;F;D;4;-;+;+;4.3881;0.180333;611738157;1.145933;3887245669;3.056467;10368078030;0.000100;374616
0;+;~;+;F;D;4;-;-;+;4.3720;0.179967;610449455;1.130333;3834262569;3.055900;10366230709;0.000100;361623
0;+;+;+;F;F;3;+;+;+;5.1659;0.181533;615907296;1.013267;3437084357;3.965467;13451617327;0.000100;306738
0;+;+;+;F;F;3;+;-;+;5.1476;0.179400;608650364;1.008433;3420763374;3.954100;13413155352;0.000100;319887
0;+;+;+;F;F;3;-;+;+;5.5164;0.182533;619204338;1.147600;3892966979;4.180467;14181094672;0.000100;334727
0;+;+;+;F;F;3;-;-;+;5.4823;0.178867;606733783;1.154500;3916256787;4.142867;14053439156;0.000100;336022
0;+;-;+;F;F;3;+;+;+;25.4134;0.181367;615238420;1.163967;3948348540;24.062267;81624994485;0.000100;336810
0;+;-;+;F;F;3;+;-;+;25.7024;0.177933;603657395;1.163567;3947061806;24.355533;82619850448;0.000100;340216
0;+;-;+;F;F;3;-;+;+;21.6279;0.181467;615644942;1.175933;3988926068;20.265300;68744736045;0.000100;301697
0;+;-;+;F;F;3;-;-;+;21.6516;0.178133;604324677;1.166633;3957359508;20.301333;68866844316;0.000100;317409
0;+;~;+;F;F;3;+;+;+;3.7680;0.178800;606507778;1.020567;3461896079;2.563267;8695196172;0.000100;339146
0;+;~;+;F;F;3;+;-;+;3.8132;0.180733;613078945;1.037900;3520831303;2.588633;8781156549;0.000100;322569
0;+;~;+;F;F;3;-;+;+;4.0299;0.179567;609128693;1.160233;3935745030;2.684767;9107312796;0.000100;317336
0;+;~;+;F;F;3;-;-;+;4.0627;0.180767;613209424;1.161133;3938784663;2.714967;9209665252;0.000100;324350
0;+;+;+;F;F;4;+;+;+;5.1586;0.179733;609699350;1.009900;3425792108;3.963433;13444737711;0.000100;308923
0;+;+;+;F;F;4;+;-;+;5.1314;0.179167;607898798;1.002633;3401151051;3.944233;13379639401;0.000100;304040
0;+;+;+;F;F;4;-;+;+;5.5491;0.179167;607713008;1.143500;3878825571;4.221433;14319866269;0.000100;336041
0;+;+;+;F;F;4;-;-;+;5.4738;0.178200;604495063;1.154933;3917860392;4.135500;14028444089;0.000100;322786
0;+;-;+;F;F;4;+;+;+;25.4325;0.178100;604176742;1.161500;3940058282;24.087467;81710535204;0.000100;353524
0;+;-;+;F;F;4;+;-;+;25.7137;0.178700;606201996;1.166967;3958619712;24.362633;82643917279;0.000100;334352
0;+;-;+;F;F;4;-;+;+;21.6064;0.180467;612185139;1.174000;3982443609;20.246667;68681562237;0.000100;299337
0;+;-;+;F;F;4;-;-;+;21.6660;0.183267;621651936;1.169367;3966610991;20.307900;68889372566;0.000100;314212
0;+;~;+;F;F;4;+;+;+;3.7640;0.177767;602946745;1.017533;3451698141;2.563267;8695181634;0.000100;327703
0;+;~;+;F;F;4;+;-;+;3.8092;0.179000;607151374;1.033433;3505622163;2.591333;8790273369;0.000100;320976
0;+;~;+;F;F;4;-;+;+;4.0320;0.180467;612230375;1.163100;3945451074;2.682833;9100670764;0.000100;305645
0;+;~;+;F;F;4;-;-;+;4.0532;0.178967;607119209;1.156400;3922699882;2.712567;9201551184;0.000100;304506
0;+;+;+;F;I;3;+;+;+;25.5026;0.177867;603315087;0.493700;1674696732;24.825933;84215490031;0.000100;365865
0;+;+;+;F;I;3;+;-;+;25.5547;0.179600;609248572;0.482767;1637663383;24.886933;84422507367;0.000100;386224
0;+;+;+;F;I;3;-;+;+;21.6810;0.179067;607381214;0.488400;1656784518;21.008267;71265135526;0.000100;319176
0;+;+;+;F;I;3;-;-;+;21.7121;0.182533;619189596;0.487400;1653238703;21.036067;71359370658;0.000100;381231
0;+;-;+;F;I;3;+;+;+;25.6138;0.179767;609788436;0.485933;1648303782;24.942633;84611374326;0.000100;341887
0;+;-;+;F;I;3;+;-;+;25.7344;0.178100;604164561;0.483800;1641200234;25.067433;85035562318;0.000100;398609
0;+;-;+;F;I;3;-;+;+;21.6436;0.178633;605973995;0.487367;1653227443;20.972333;71143747045;0.000100;323868
0;+;-;+;F;I;3;-;-;+;21.5888;0.179233;608004573;0.485600;1647278044;20.918633;70961685675;0.000100;386426
0;+;~;+;F;I;3;+;+;+;4.3493;0.180533;612396082;0.490333;1663302986;3.672467;12457908815;0.000100;350389
0;+;~;+;F;I;3;+;-;+;4.2610;0.180033;610706261;0.477500;1619880990;3.597633;12204008230;0.000100;392112
0;+;~;+;F;I;3;-;+;+;4.4617;0.179000;607227052;0.486967;1651842709;3.790733;12859110046;0.000100;322592
0;+;~;+;F;I;3;-;-;+;4.4670;0.181167;614631581;0.484667;1644057047;3.795800;12876289805;0.000100;398550
0;+;+;+;F;I;4;+;+;+;25.4630;0.181667;616143687;0.488067;1655631473;24.787900;84087014312;0.000100;339515
0;+;+;+;F;I;4;+;-;+;25.5660;0.178233;604586008;0.484067;1641969705;24.898400;84461795896;0.000100;409550
0;+;+;+;F;I;4;-;+;+;21.6905;0.180467;612085554;0.491000;1665534230;21.013533;71283182484;0.000100;322682
0;+;+;+;F;I;4;-;-;+;21.7065;0.178700;606207360;0.486233;1649340131;21.036400;71360698004;0.000100;409668
0;+;-;+;F;I;4;+;+;+;25.6385;0.180800;613292015;0.485300;1646249117;24.966967;84694219165;0.000100;346119
0;+;-;+;F;I;4;+;-;+;25.8010;0.179400;608533815;0.487300;1653032247;25.129100;85244159166;0.000100;399093
0;+;-;+;F;I;4;-;+;+;21.6601;0.178567;605761217;0.484667;1644110371;20.991700;71209058356;0.000100;326984
0;+;-;+;F;I;4;-;-;+;21.5753;0.182367;618669553;0.488300;1656410503;20.898567;70893185415;0.000100;390481
0;+;~;+;F;I;4;+;+;+;4.2911;0.178433;605318205;0.477467;1619711458;3.629900;12313432452;0.000100;315905
0;+;~;+;F;I;4;+;-;+;4.2584;0.181467;615665328;0.479033;1624956979;3.592533;12186568657;0.000100;382490
0;+;~;+;F;I;4;-;+;+;4.4749;0.181467;615603973;0.489167;1659352599;3.798467;12885199886;0.000100;324644
0;+;~;+;F;I;4;-;-;+;4.4595;0.179133;607682966;0.484000;1641785905;3.791167;12860471946;0.000100;374726
3;+;+;+;C;D;3;+;+;+;2.0038;0.018133;61565026;1.517333;5147119932;0.463200;1571278713;0.000100;215981
3;+;+;+;C;D;3;+;-;+;2.0012;0.018900;64142492;1.518467;5150939654;0.458300;1554594118;0.000100;208921
3;+;+;+;C;D;3;-;+;+;2.1748;0.018867;64025878;1.668467;5659723992;0.480933;1631435690;0.000100;240175
3;+;+;+;C;D;3;-;-;+;2.1567;0.018600;63104706;1.652200;5604545710;0.479733;1627219813;0.000100;205601
3;+;-;+;C;D;3;+;+;+;4.2902;0.020900;71037494;2.034733;6902223156;2.227867;7557383203;0.000100;204467
3;+;-;+;C;D;3;+;-;+;4.3359;0.019867;67419945;2.036133;6907085152;2.273433;7712024519;0.000100;209318
3;+;-;+;C;D;3;-;+;+;3.3544;0.020367;69076427;2.059567;6986448859;1.268333;4302505769;0.000100;200189
3;+;-;+;C;D;3;-;-;+;3.3744;0.021067;71384495;2.042433;6928361115;1.304733;4425878050;0.000100;202797
3;+;~;+;C;D;3;+;+;+;2.1183;0.017967;60938880;1.523967;5169576678;0.571333;1938040081;0.000100;208896
3;+;~;+;C;D;3;+;-;+;2.2091;0.018067;61297671;1.520600;5158184717;0.665400;2257164709;0.000100;193306
3;+;~;+;C;D;3;-;+;+;2.2823;0.018833;63875192;1.655133;5614538991;0.602033;2042140647;0.000100;235098
3;+;~;+;C;D;3;-;-;+;2.3742;0.019367;65665948;1.652800;5606720583;0.695833;2360515312;0.000100;200599
3;+;+;+;C;D;4;+;+;+;2.0051;0.018300;62043581;1.518167;5149855990;0.463500;1572298748;0.000100;225063
3;+;+;+;C;D;4;+;-;+;2.0260;0.019300;65466939;1.537933;5216959148;0.463200;1571169923;0.000100;202761
3;+;+;+;C;D;4;-;+;+;2.1534;0.018633;63161255;1.651933;5603614583;0.476633;1616855906;0.000100;242603
3;+;+;+;C;D;4;-;-;+;2.1556;0.018633;63238465;1.651000;5600521311;0.480000;1628165438;0.000100;209390
3;+;-;+;C;D;4;+;+;+;4.2722;0.019633;66625213;2.036833;6909433022;2.209467;7495071798;0.000100;209726
3;+;-;+;C;D;4;+;-;+;4.3433;0.019533;66290039;2.042333;6928035860;2.275467;7718864553;0.000100;204585
3;+;-;+;C;D;4;-;+;+;3.3142;0.019900;67568750;2.036700;6908923657;1.251400;4245075900;0.000100;207188
3;+;-;+;C;D;4;-;-;+;3.3796;0.021233;71990874;2.039433;6918115257;1.312667;4452916867;0.000100;203294
3;+;~;+;C;D;4;+;+;+;2.1167;0.018900;64081678;1.520367;5157358252;0.572467;1941801747;0.000100;212591
3;+;~;+;C;D;4;+;-;+;2.2099;0.018900;64165829;1.522367;5164206693;0.663500;2250741150;0.000100;203343
3;+;~;+;C;D;4;-;+;+;2.3321;0.018800;63746645;1.695067;5749935768;0.612067;2076311902;0.000100;252260
3;+;~;+;C;D;4;-;-;+;2.4008;0.019700;66874131;1.670733;5667510284;0.703833;2387510571;0.000100;199522
3;+;+;+;C;F;3;+;+;+;1.8786;0.018967;64345922;1.467833;4979111131;0.386333;1310579040;0.000100;180681
3;+;+;+;C;F;3;+;-;+;1.8754;0.017900;60687445;1.466833;4975768930;0.385733;1308465109;0.000000;154358
3;+;+;+;C;F;3;-;+;+;2.0353;0.018733;63463393;1.588067;5387133877;0.422100;1431891220;0.000100;203020
3;+;+;+;C;F;3;-;-;+;2.0414;0.019033;64557250;1.589300;5391196299;0.427133;1448913966;0.000033;169534
3;+;-;+;C;F;3;+;+;+;4.2782;0.020033;68003786;2.036767;6909052358;2.215500;7515366201;0.000033;165115
3;+;-;+;C;F;3;+;-;+;4.3491;0.020867;70838502;2.037833;6912768849;2.284367;7749086808;0.000033;164082
3;+;-;+;C;F;3;-;+;+;3.3355;0.022200;75201990;2.033233;6897153848;1.273800;4320941325;0.000000;149719
3;+;-;+;C;F;3;-;-;+;3.3692;0.020067;68055092;2.037033;6909944156;1.306000;4430199511;0.000000;150704
3;+;~;+;C;F;3;+;+;+;2.1737;0.018933;64293835;1.519100;5153070400;0.630333;2138197076;0.000100;182871
3;+;~;+;C;F;3;+;-;+;2.1844;0.017967;60911729;1.524000;5169718291;0.637567;2162661440;0.000000;157006
3;+;~;+;C;F;3;-;+;+;2.3282;0.018633;63101484;1.659133;5628253921;0.644633;2186715865;0.000100;216971
3;+;~;+;C;F;3;-;-;+;2.3489;0.018700;63321394;1.659900;5630733897;0.664333;2253472045;0.000033;166398
3;+;+;+;C;F;4;+;+;+;1.8772;0.017967;60978700;1.467800;4979025276;0.386367;1310576064;0.000100;183713
3;+;+;+;C;F;4;+;-;+;1.8749;0.018033;61172466;1.464567;4968069856;0.387067;1312838983;0.000000;147429
3;+;+;+;C;F;4;-;+;+;2.0322;0.018667;63249294;1.584400;5374479283;0.423033;1434997809;0.000100;192416
3;+;+;+;C;F;4;-;-;+;2.0337;0.018733;63579700;1.586033;5380177449;0.423000;1434876625;0.000000;159841
3;+;-;+;C;F;4;+;+;+;4.2909;0.019767;67160760;2.048833;6950086596;2.216333;7518244896;0.000000;160300
3;+;-;+;C;F;4;+;-;+;4.3364;0.020667;70122736;2.037233;6910719828;2.272400;7708550258;0.000033;163039
3;+;-;+;C;F;4;-;+;+;3.3439;0.021800;73975280;2.038800;6916065430;1.276367;4329746863;0.000100;190779
3;+;-;+;C;F;4;-;-;+;3.3698;0.021033;71298892;2.032100;6893350889;1.310900;4446837240;0.000000;145452
3;+;~;+;C;F;4;+;+;+;2.2437;0.018967;64346148;1.570767;5328364909;0.648500;2199827738;0.000100;188607
3;+;~;+;C;F;4;+;-;+;2.2373;0.018367;62248148;1.562267;5299548975;0.651633;2210425813;0.000000;158374
3;+;~;+;C;F;4;-;+;+;2.3763;0.018900;64230525;1.692633;5741836240;0.658500;2233691590;0.000100;195223
3;+;~;+;C;F;4;-;-;+;2.3468;0.018733;63462988;1.657467;5622441404;0.664700;2254732882;0.000000;158095
3;+;+;+;C;I;3;+;+;+;4.2740;0.018667;63377207;1.651667;5602763930;2.597400;8810956699;0.000100;208721
3;+;+;+;C;I;3;+;-;+;4.2671;0.018733;63465532;1.659833;5630546688;2.583033;8762194891;0.000100;184996
3;+;+;+;C;I;3;-;+;+;3.1750;0.019600;66430029;1.659533;5629399479;1.489767;5053669818;0.000100;186921
3;+;+;+;C;I;3;-;-;+;3.1720;0.018900;64124964;1.659900;5630839602;1.487400;5045590162;0.000067;165859
3;+;-;+;C;I;3;+;+;+;4.6320;0.019733;66980838;2.038133;6913748438;2.568267;8712066476;0.000033;169701
3;+;-;+;C;I;3;+;-;+;4.6614;0.019967;67795810;2.051967;6960743314;2.583333;8763202330;0.000067;165736
3;+;-;+;C;I;3;-;+;+;3.5155;0.022100;74894722;2.035933;6906389179;1.451100;4922455134;0.000000;144091
3;+;-;+;C;I;3;-;-;+;3.5146;0.021967;74501442;2.034833;6902510542;1.451067;4922306207;0.000000;157343
3;+;~;+;C;I;3;+;+;+;2.1095;0.019000;64526503;1.527367;5181272502;0.557667;1891778907;0.000100;186842
3;+;~;+;C;I;3;+;-;+;2.1076;0.018067;61235418;1.521767;5162184941;0.562567;1908338301;0.000100;184562
3;+;~;+;C;I;3;-;+;+;2.2665;0.019800;67137324;1.657967;5624114571;0.582633;1976398836;0.000100;190084
3;+;~;+;C;I;3;-;-;+;2.2530;0.018667;63343999;1.650367;5598279442;0.577833;1960127768;0.000100;167074
3;+;+;+;C;I;4;+;+;+;4.2485;0.020367;69111203;1.652567;5605804384;2.569200;8715392032;0.000100;216624
3;+;+;+;C;I;4;+;-;+;4.2499;0.019600;66469688;1.654533;5612497850;2.569533;8716413030;0.000100;178675
3;+;+;+;C;I;4;-;+;+;3.1974;0.018767;63741514;1.672700;5674122556;1.499800;5087641340;0.000100;185218
3;+;+;+;C;I;4;-;-;+;3.1651;0.018633;63247397;1.653133;5607760790;1.487133;5044674312;0.000033;163661
3;+;-;+;C;I;4;+;+;+;4.6316;0.019933;67635355;2.037067;6910229418;2.568400;8712518016;0.000100;175515
3;+;-;+;C;I;4;+;-;+;4.6316;0.020367;69106774;2.035433;6904607085;2.569300;8715619285;0.000033;163849
3;+;-;+;C;I;4;-;+;+;3.5183;0.022600;76672775;2.041167;6924006780;1.448000;4911977060;0.000000;142889
3;+;-;+;C;I;4;-;-;+;3.5120;0.021033;71306351;2.033767;6898961797;1.451167;4922635747;0.000000;154022
3;+;~;+;C;I;4;+;+;+;2.1001;0.017700;59996832;1.520900;5159233682;0.556300;1887022147;0.000100;181874
3;+;~;+;C;I;4;+;-;+;2.1100;0.017933;60722601;1.524067;5169933575;0.562700;1908716858;0.000100;176401
3;+;~;+;C;I;4;-;+;+;2.2645;0.018667;63240239;1.653400;5608560390;0.586467;1989373051;0.000100;201359
3;+;~;+;C;I;4;-;-;+;2.2996;0.019433;65944040;1.687467;5724229869;0.586700;1990220997;0.000100;181886
3;+;+;+;F;D;3;+;+;+;0.7493;0.054033;183228618;0.259633;880571887;0.430600;1460597082;0.000100;202546
3;+;+;+;F;D;3;+;-;+;0.7589;0.059133;200569159;0.260100;882320241;0.433967;1471927560;0.000100;177293
3;+;+;+;F;D;3;-;+;+;0.7916;0.054367;184446015;0.291533;988975420;0.440533;1494295295;0.000100;211626
3;+;+;+;F;D;3;-;-;+;0.8395;0.057033;193470669;0.304100;1031491875;0.473033;1604491129;0.000100;185842
3;+;-;+;F;D;3;+;+;+;2.0993;0.053100;180099834;0.287467;975139995;1.753733;5949015292;0.000100;188519
3;+;-;+;F;D;3;+;-;+;2.0305;0.058300;197800841;0.284900;966428360;1.681700;5704677086;0.000100;183738
3;+;-;+;F;D;3;-;+;+;1.6605;0.053933;182855416;0.285633;968851069;1.315567;4462634377;0.000100;188113
3;+;-;+;F;D;3;-;-;+;1.7032;0.056867;192855096;0.284600;965415568;1.356400;4601152272;0.000100;187563
3;+;~;+;F;D;3;+;+;+;0.9841;0.055867;189487374;0.260067;882227500;0.662833;2248278420;0.000100;201203
3;+;~;+;F;D;3;+;-;+;0.9588;0.055567;188466723;0.265500;900522376;0.632633;2146012894;0.000100;190924
3;+;~;+;F;D;3;-;+;+;1.0706;0.055167;187157772;0.299100;1014502733;0.711100;2412064251;0.000100;229617
3;+;~;+;F;D;3;-;-;+;1.0014;0.056267;190844122;0.292233;991273658;0.647867;2197547608;0.000100;182462
3;+;+;+;F;D;4;+;+;+;0.7369;0.054333;184284678;0.256467;869884455;0.421033;1428145772;0.000100;187460
3;+;+;+;F;D;4;+;-;+;0.7897;0.056767;192483718;0.273600;927992168;0.454100;1540327357;0.000100;186383
3;+;+;+;F;D;4;-;+;+;0.7955;0.054833;186104269;0.292900;993563468;0.442733;1501864177;0.000100;218359
3;+;+;+;F;D;4;-;-;+;0.8027;0.055567;188469360;0.295333;1001759671;0.446833;1515645038;0.000100;180871
3;+;-;+;F;D;4;+;+;+;2.0938;0.052333;177548026;0.286400;971525793;1.749767;5935488144;0.000100;183314
3;+;-;+;F;D;4;+;-;+;2.0659;0.057100;193819035;0.288333;978037105;1.715367;5818850498;0.000100;188677
3;+;-;+;F;D;4;-;+;+;1.6629;0.054433;184569651;0.287033;973659722;1.316233;4464895327;0.000100;180394
3;+;-;+;F;D;4;-;-;+;1.7081;0.059733;202608411;0.288400;978275920;1.354667;4595275873;0.000100;198761
3;+;~;+;F;D;4;+;+;+;0.9882;0.056267;190903787;0.258100;875555156;0.668633;2267980218;0.000100;199214
3;+;~;+;F;D;4;+;-;+;0.9646;0.059300;201170184;0.260767;884597658;0.639200;2168261074;0.000100;181218
3;+;~;+;F;D;4;-;+;+;1.0468;0.056000;190022225;0.290800;986385340;0.694500;2355885649;0.000100;219264
3;+;~;+;F;D;4;-;-;+;1.0022;0.057300;194436430;0.292000;990543459;0.647100;2195033787;0.000100;178261
3;+;+;+;F;F;3;+;+;+;0.6356;0.059967;203367193;0.258033;875359423;0.312233;1059089420;0.000067;173743
3;+;+;+;F;F;3;+;-;+;0.6421;0.056367;191249693;0.262567;890533485;0.318133;1079202528;0.000000;127206
3;+;+;+;F;F;3;-;+;+;0.6513;0.055300;187550248;0.277800;942338831;0.313100;1062133105;0.000100;171954
3;+;+;+;F;F;3;-;-;+;0.6553;0.057900;196350821;0.277367;940918381;0.314733;1067531606;0.000000;135990
3;+;-;+;F;F;3;+;+;+;1.8850;0.053333;180967559;0.291100;987486029;1.535033;5207265321;0.000000;125821
3;+;-;+;F;F;3;+;-;+;1.9593;0.056133;190447140;0.288433;978448011;1.610067;5461600944;0.000000;133271
3;+;-;+;F;F;3;-;+;+;1.5188;0.052467;178010697;0.291233;987820010;1.170167;3969372815;0.000000;129283
3;+;-;+;F;F;3;-;-;+;1.5593;0.058067;196968267;0.290567;985688709;1.205333;4088660030;0.000000;126137
3;+;~;+;F;F;3;+;+;+;0.8931;0.055667;188796639;0.263967;895433345;0.567667;1925636710;0.000000;158062
3;+;~;+;F;F;3;+;-;+;0.9797;0.056067;190126076;0.275667;934990085;0.642833;2180580912;0.000000;125623
3;+;~;+;F;F;3;-;+;+;0.9547;0.055467;188104273;0.295333;1001785828;0.598300;2029424004;0.000067;169838
3;+;~;+;F;F;3;-;-;+;1.0160;0.055467;188286727;0.296367;1005246135;0.658533;2233663193;0.000000;128977
3;+;+;+;F;F;4;+;+;+;0.6014;0.054033;183334248;0.243667;826519474;0.298600;1012802410;0.000033;161695
3;+;+;+;F;F;4;+;-;+;0.6265;0.058967;200003940;0.253733;860593368;0.308267;1045672657;0.000000;126819
3;+;+;+;F;F;4;-;+;+;0.6483;0.054033;183273199;0.276400;937694284;0.312533;1060132924;0.000100;170483
3;+;+;+;F;F;4;-;-;+;0.6562;0.056733;192442885;0.279133;946770957;0.315433;1069872894;0.000000;130590
3;+;-;+;F;F;4;+;+;+;1.8746;0.052567;178202317;0.290667;985929181;1.526000;5176452345;0.000000;125047
3;+;-;+;F;F;4;+;-;+;1.9612;0.057533;195264326;0.289067;980533185;1.609267;5458930733;0.000000;133164
3;+;-;+;F;F;4;-;+;+;1.5312;0.053867;182778070;0.291167;987658902;1.181000;4006125176;0.000000;132350
3;+;-;+;F;F;4;-;-;+;1.5591;0.057400;194674644;0.290100;983979272;1.206767;4093748342;0.000000;132023
3;+;~;+;F;F;4;+;+;+;0.8909;0.055467;188099036;0.263033;892287559;0.567067;1923465440;0.000033;167220
3;+;~;+;F;F;4;+;-;+;0.9906;0.057600;195369972;0.277800;942256863;0.650333;2206013715;0.000000;131533
3;+;~;+;F;F;4;-;+;+;0.9540;0.054000;183232925;0.298867;1013714433;0.596333;2022779909;0.000067;165354
3;+;~;+;F;F;4;-;-;+;1.0156;0.057167;193951241;0.294933;1000455861;0.657500;2230397419;0.000000;131475
3;+;+;+;F;I;3;+;+;+;3.3488;0.057167;193857539;0.097967;332362598;3.188500;10816043840;0.000100;186394
3;+;+;+;F;I;3;+;-;+;3.2639;0.055433;188018141;0.096633;327686333;3.106700;10538734696;0.000000;145450
3;+;+;+;F;I;3;-;+;+;3.0654;0.055933;189729674;0.097067;329218432;2.907300;9862182233;0.000100;179369
3;+;+;+;F;I;3;-;-;+;3.0895;0.057767;195937456;0.096000;325590796;2.930300;9940224774;0.000000;136561
3;+;-;+;F;I;3;+;+;+;3.3597;0.055667;188887835;0.113433;384884722;3.185567;10806124162;0.000000;126203
3;+;-;+;F;I;3;+;-;+;3.3174;0.056567;191866753;0.114700;389076155;3.141267;10655901300;0.000000;140138
3;+;-;+;F;I;3;-;+;+;3.2293;0.053833;182627162;0.119167;404165599;3.051700;10351994101;0.000000;134362
3;+;-;+;F;I;3;-;-;+;3.1298;0.057000;193382600;0.113333;384364322;2.954367;10021833889;0.000000;135437
3;+;~;+;F;I;3;+;+;+;1.2458;0.055267;187416545;0.095600;324249695;1.090267;3698322692;0.000067;173450
3;+;~;+;F;I;3;+;-;+;1.2600;0.056200;190689218;0.095733;324773005;1.102800;3740887785;0.000000;150662
3;+;~;+;F;I;3;-;+;+;1.3482;0.057733;195954589;0.100900;342288914;1.184300;4017146542;0.000100;175879
3;+;~;+;F;I;3;-;-;+;1.3603;0.062100;210686279;0.099233;336446435;1.193867;4049814759;0.000000;141232
3;+;+;+;F;I;4;+;+;+;3.4427;0.055300;187638536;0.103367;350657656;3.279033;11123162237;0.000100;189057
3;+;+;+;F;I;4;+;-;+;3.3238;0.055967;189890384;0.099467;337357423;3.163267;10730421443;0.000033;157329
3;+;+;+;F;I;4;-;+;+;3.1372;0.055433;188076006;0.098267;333355054;2.978600;10103958307;0.000100;177164
3;+;+;+;F;I;4;-;-;+;3.1752;0.059033;200281525;0.100367;340455500;3.010100;10210874861;0.000033;152859
3;+;-;+;F;I;4;+;+;+;3.3161;0.052067;176574007;0.113000;383231775;3.146067;10672061527;0.000000;129005
3;+;-;+;F;I;4;+;-;+;3.3695;0.056867;192854308;0.114100;387060802;3.193700;10833695968;0.000000;138370
3;+;-;+;F;I;4;-;+;+;3.1919;0.054233;183942845;0.117900;399826698;3.014733;10226594104;0.000000;136186
3;+;-;+;F;I;4;-;-;+;3.1853;0.059300;201086569;0.116233;394277400;3.004533;10192000939;0.000000;143049
3;+;~;+;F;I;4;+;+;+;1.3030;0.056233;190815992;0.106233;360287519;1.135600;3852062429;0.000100;192712
3;+;~;+;F;I;4;+;-;+;1.3497;0.068333;231750302;0.102467;347513024;1.173967;3982233832;0.000000;159706
3;+;~;+;F;I;4;-;+;+;1.3534;0.055933;189772573;0.101633;344691133;1.190867;4039566214;0.000100;204275
3;+;~;+;F;I;4;-;-;+;1.3525;0.057833;196257084;0.099367;337006511;1.190333;4037754011;0.000000;146507
F;+;+;+;C;D;3;+;+;+;2.1256;0.018833;63925286;1.620467;5496977276;0.481067;1631836379;0.000100;247825
F;+;+;+;C;D;3;+;-;+;2.1642;0.019333;65586372;1.653600;5609386691;0.485667;1647434585;0.000100;269349
F;+;+;+;C;D;3;-;+;+;2.3268;0.019433;65987990;1.792967;6082070427;0.507833;1722522871;0.000100;269984
F;+;+;+;C;D;3;-;-;+;2.3924;0.019433;66026498;1.855467;6294134073;0.511167;1733775625;0.000100;274369
F;+;-;+;C;D;3;+;+;+;4.5460;0.020833;70620792;2.176033;7381557179;2.342900;7947477467;0.000100;237923
F;+;-;+;C;D;3;+;-;+;4.6916;0.021933;74401029;2.244533;7613869664;2.418633;8204397911;0.000100;223981
F;+;-;+;C;D;3;-;+;+;3.6588;0.020867;70738579;2.271000;7703656365;1.360867;4616333663;0.000100;218896
F;+;-;+;C;D;3;-;-;+;3.5501;0.020667;70004100;2.190833;7431582819;1.332533;4520171779;0.000100;232748
F;+;~;+;C;D;3;+;+;+;2.2920;0.019067;64734220;1.662300;5638768973;0.605100;2052511073;0.000100;250314
F;+;~;+;C;D;3;+;-;+;2.2184;0.018800;63757010;1.608067;5454778874;0.586333;1988901734;0.000100;247035
F;+;~;+;C;D;3;-;+;+;2.5292;0.020433;69400272;1.848667;6271028534;0.653500;2216754567;0.000100;254721
F;+;~;+;C;D;3;-;-;+;2.5029;0.019633;66642385;1.835367;6225966853;0.641767;2176918684;0.000100;267514
F;+;+;+;C;D;4;+;+;+;2.1623;0.018800;63799503;1.649600;5595627492;0.488533;1657106473;0.000100;263837
F;+;+;+;C;D;4;+;-;+;2.1334;0.020200;68477940;1.625700;5514502412;0.481700;1633914353;0.000100;260164
F;+;+;+;C;D;4;-;+;+;2.3193;0.019200;65127214;1.794800;6088318270;0.498967;1692485319;0.000100;302800
F;+;+;+;C;D;4;-;-;+;2.3677;0.019367;65661993;1.829267;6205277129;0.512733;1739194535;0.000100;259296
F;+;-;+;C;D;4;+;+;+;4.5525;0.021567;73183206;2.184200;7409193306;2.340467;7939239502;0.000100;226290
F;+;-;+;C;D;4;+;-;+;4.6152;0.021867;74222448;2.221567;7535975953;2.365767;8025192118;0.000100;228527
F;+;-;+;C;D;4;-;+;+;3.5746;0.021333;72362752;2.223967;7544093612;1.322667;4486748239;0.000100;229301
F;+;-;+;C;D;4;-;-;+;3.5907;0.021033;71280862;2.228733;7560382409;1.334700;4527494440;0.000100;234501
F;+;~;+;C;D;4;+;+;+;2.2420;0.018633;63280225;1.620267;5496249015;0.597633;2027266465;0.000100;248852
F;+;~;+;C;D;4;+;-;+;2.1735;0.018467;62642919;1.569767;5324911395;0.579800;1966690984;0.000100;232103
F;+;~;+;C;D;4;-;+;+;2.3488;0.018900;64131636;1.711733;5806404609;0.611833;2075423428;0.000100;269876
F;+;~;+;C;D;4;-;-;+;2.3405;0.018800;63789122;1.703400;5778273168;0.611967;2075876832;0.000100;255882
F;+;+;+;C;F;3;+;+;+;2.0020;0.018367;62294721;1.574200;5339912149;0.404167;1370978567;0.000100;199960
F;+;+;+;C;F;3;+;-;+;1.9737;0.019133;64842873;1.547167;5248334017;0.402033;1363720499;0.000100;219652
F;+;+;+;C;F;3;-;+;+;2.1057;0.018767;63742032;1.643600;5575433346;0.437000;1482407538;0.000100;214718
F;+;+;+;C;F;3;-;-;+;2.0915;0.018933;64153996;1.635833;5548934862;0.430267;1459431739;0.000100;201992
F;+;-;+;C;F;3;+;+;+;4.3963;0.020967;71094023;2.108600;7152856087;2.259933;7666108188;0.000033;162709
F;+;-;+;C;F;3;+;-;+;4.5271;0.021867;74249015;2.179200;7392387549;2.319533;7868356646;0.000100;175656
F;+;-;+;C;F;3;-;+;+;3.4184;0.021833;74098801;2.088533;7084608067;1.302000;4416655296;0.000000;154898
F;+;-;+;C;F;3;-;-;+;3.5910;0.020267;68723895;2.191033;7432435898;1.373800;4660088366;0.000033;166924
F;+;~;+;C;F;3;+;+;+;2.5058;0.019800;67087126;1.773400;6015670228;0.707467;2399775158;0.000100;211020
F;+;~;+;C;F;3;+;-;+;6.0690;0.082500;279832558;4.327400;14679555522;1.619033;5491971931;0.000100;262741
F;+;~;+;C;F;3;-;+;+;5.2351;0.030533;103643829;3.816467;12946162903;1.377633;4673099537;0.000100;256659
F;+;~;+;C;F;3;-;-;+;4.9295;0.029100;98752408;3.551467;12047292472;1.338200;4539348063;0.001100;3667333
F;+;+;+;C;F;4;+;+;+;4.2740;0.035900;121697492;3.374633;11447394445;0.851867;2889672807;0.000100;259431
F;+;+;+;C;F;4;+;-;+;3.9944;0.030900;104740950;3.105833;10535654709;0.847167;2873616937;0.000100;249565
F;+;+;+;C;F;4;-;+;+;4.6404;0.037267;126435882;3.634000;12327293971;0.957800;3245891319;0.000100;255375
F;+;+;+;C;F;4;-;-;+;4.7167;0.032233;109307987;3.661500;12420580865;1.011267;3430313153;0.000100;246044
F;+;-;+;C;F;4;+;+;+;11.4499;0.036400;123333711;5.154600;17485447140;6.242333;21175413988;0.000100;210268
F;+;-;+;C;F;4;+;-;+;11.2000;0.044433;150642257;5.049200;17128012177;6.093333;20669950876;0.000100;214679
F;+;-;+;C;F;4;-;+;+;8.0300;0.031500;106858622;4.715900;15997322686;3.271200;11096477681;0.000100;198910
F;+;-;+;C;F;4;-;-;+;7.8155;0.035367;119909028;4.537533;15392300429;3.231333;10961359945;0.000100;196431
F;+;~;+;C;F;4;+;+;+;2.3101;0.018300;62109021;1.618567;5490519508;0.668033;2265996168;0.000100;201802
F;+;~;+;C;F;4;+;-;+;2.2935;0.019633;66560419;1.608500;5456446948;0.660000;2238814817;0.000100;198704
F;+;~;+;C;F;4;-;+;+;2.4870;0.019700;66880432;1.784200;6052428069;0.676400;2294492934;0.000100;208306
F;+;~;+;C;F;4;-;-;+;2.5988;0.020033;67994118;1.848900;6271802384;0.723267;2453442085;0.000100;216253
F;+;+;+;C;I;3;+;+;+;4.3236;0.019467;66033210;1.681600;5704306719;2.616467;8875607361;0.000100;211419
F;+;+;+;C;I;3;+;-;+;4.2848;0.019533;66215297;1.668900;5661125918;2.590067;8786047565;0.000100;197370
F;+;+;+;C;I;3;-;+;+;3.1961;0.019433;65853802;1.671867;5671198064;1.498867;5084478676;0.000100;192721
F;+;+;+;C;I;3;-;-;+;3.1959;0.018900;64069732;1.671967;5671675564;1.498967;5084922496;0.000100;192744
F;+;-;+;C;I;3;+;+;+;4.6741;0.020867;70739761;2.058133;6981507983;2.589000;8782531700;0.000033;163747
F;+;-;+;C;I;3;+;-;+;4.7159;0.019967;67749916;2.078500;7050695194;2.611500;8858734166;0.000067;164940
F;+;-;+;C;I;3;-;+;+;3.5363;0.020867;70840634;2.055167;6971428357;1.454200;4932942345;0.000000;153746
F;+;-;+;C;I;3;-;-;+;3.5275;0.020067;68118925;2.048233;6947960007;1.453133;4929287223;0.000067;170927
F;+;~;+;C;I;3;+;+;+;2.1152;0.018033;61253509;1.531567;5195375544;0.560533;1901354839;0.000100;195360
F;+;~;+;C;I;3;+;-;+;2.1080;0.018233;61823237;1.527500;5181525823;0.557067;1889688526;0.000100;184666
F;+;~;+;C;I;3;-;+;+;2.2683;0.018667;63244026;1.657667;5623207673;0.585833;1987142962;0.000100;198216
F;+;~;+;C;I;3;-;-;+;2.3073;0.020000;67934072;1.687067;5722919658;0.593800;2014164524;0.000100;192983
F;+;+;+;C;I;4;+;+;+;4.2760;0.018667;63216662;1.667067;5655054419;2.583800;8764833581;0.000100;209976
F;+;+;+;C;I;4;+;-;+;4.3019;0.019600;66407713;1.677800;5691410847;2.598033;8813130950;0.000100;202342
F;+;+;+;C;I;4;-;+;+;3.1981;0.018800;63822879;1.672600;5673772119;1.500567;5090215944;0.000100;199903
F;+;+;+;C;I;4;-;-;+;3.2173;0.019233;65229023;1.684433;5713911847;1.507200;5112769128;0.000100;192973
F;+;-;+;C;I;4;+;+;+;4.6790;0.020000;67789139;2.064333;7002614835;2.588800;8781836424;0.000067;166377
F;+;-;+;C;I;4;+;-;+;4.6742;0.019900;67464191;2.060267;6988885165;2.588000;8779087096;0.000067;164238
F;+;-;+;C;I;4;-;+;+;3.5334;0.020933;70928845;2.050400;6955344999;1.456333;4940108439;0.000000;159029
F;+;-;+;C;I;4;-;-;+;3.5447;0.020200;68466897;2.058900;6984245337;1.458833;4948660249;0.000033;167962
F;+;~;+;C;I;4;+;+;+;2.1132;0.020033;67986520;1.529800;5189469851;0.557833;1892298067;0.000100;186292
F;+;~;+;C;I;4;+;-;+;2.1126;0.018267;62028510;1.531067;5193619326;0.557933;1892526130;0.000100;188499
F;+;~;+;C;I;4;-;+;+;2.2924;0.018767;63678808;1.679100;5695885707;0.588467;1996177816;0.000100;191665
F;+;~;+;C;I;4;-;-;+;2.3916;0.019933;67644205;1.753367;5947712508;0.612000;2075974070;0.000100;215646
F;+;+;+;F;D;3;+;+;+;0.7488;0.059100;200566894;0.258633;877304634;0.425933;1444737625;0.000100;204292
F;+;+;+;F;D;3;+;-;+;0.7420;0.054467;184793872;0.258933;878349188;0.423333;1435958936;0.000100;203245
F;+;+;+;F;D;3;-;+;+;0.8053;0.057867;196344089;0.295400;1001911155;0.446100;1513096301;0.000100;230615
F;+;+;+;F;D;3;-;-;+;0.8163;0.056700;192300982;0.302467;1026007463;0.451900;1532797369;0.000100;236760
F;+;-;+;F;D;3;+;+;+;2.1336;0.053767;182294512;0.290867;986589174;1.783633;6050399585;0.000100;192919
F;+;-;+;F;D;3;+;-;+;2.1008;0.053233;180549974;0.286467;971689758;1.756067;5956867590;0.000100;198099
F;+;-;+;F;D;3;-;+;+;1.6721;0.054767;185859565;0.288333;978095737;1.323633;4490020556;0.000100;185853
F;+;-;+;F;D;3;-;-;+;1.6718;0.053667;182070065;0.287333;974671293;1.325667;4496904700;0.000100;188259
F;+;~;+;F;D;3;+;+;+;1.0177;0.057167;193836122;0.265167;899442281;0.690033;2340674243;0.000100;214726
F;+;~;+;F;D;3;+;-;+;0.9888;0.054633;185408866;0.260233;882769911;0.668933;2269028248;0.000100;211598
F;+;~;+;F;D;3;-;+;+;1.1049;0.062133;210780040;0.310500;1053162836;0.726567;2464502400;0.000100;238308
F;+;~;+;F;D;3;-;-;+;1.0956;0.055600;188598991;0.307700;1043710739;0.727133;2466430853;0.000100;230506
F;+;+;+;F;D;4;+;+;+;0.7637;0.055567;188458321;0.267633;907768218;0.435233;1476341084;0.000100;218429
F;+;+;+;F;D;4;+;-;+;0.8001;0.057900;196356557;0.278500;944627037;0.457933;1553265376;0.000100;228140
F;+;+;+;F;D;4;-;+;+;0.8298;0.057800;196003048;0.304600;1033102688;0.462033;1567201909;0.000100;245139
F;+;+;+;F;D;4;-;-;+;0.8260;0.056200;190690748;0.304133;1031652286;0.460933;1563495524;0.000100;246394
F;+;-;+;F;D;4;+;+;+;2.1733;0.055600;188552226;0.296967;1007311922;1.815633;6159034112;0.000100;195869
F;+;-;+;F;D;4;+;-;+;2.1693;0.053133;180310606;0.298300;1011777538;1.812833;6149445253;0.000100;199790
F;+;-;+;F;D;4;-;+;+;1.7245;0.053867;182677427;0.298867;1013693482;1.366867;4636728739;0.000100;205936
F;+;-;+;F;D;4;-;-;+;1.7630;0.058033;196812895;0.303800;1030435264;1.396033;4735525077;0.000100;203195
F;+;~;+;F;D;4;+;+;+;1.0152;0.056300;190994836;0.269000;912484324;0.684467;2321751854;0.000100;225535
F;+;~;+;F;D;4;+;-;+;0.9948;0.055600;188628854;0.260833;884791323;0.673367;2284007114;0.000100;233437
F;+;~;+;F;D;4;-;+;+;1.1224;0.055833;189335021;0.328500;1114259264;0.733067;2486612693;0.000100;222198
F;+;~;+;F;D;4;-;-;+;1.0943;0.058267;197693225;0.308067;1044873859;0.722767;2451548546;0.000100;234872
F;+;+;+;F;F;3;+;+;+;0.6307;0.056567;191925098;0.255000;864871339;0.313867;1064521667;0.000100;188182
F;+;+;+;F;F;3;+;-;+;0.6280;0.057400;194731246;0.255933;868192336;0.309433;1049566936;0.000100;184893
F;+;+;+;F;F;3;-;+;+;0.6985;0.064033;217195780;0.294067;997492788;0.334867;1135775443;0.000100;193538
F;+;+;+;F;F;3;-;-;+;0.6708;0.056933;193190192;0.286367;971389728;0.322100;1092484805;0.000100;183336
F;+;-;+;F;F;3;+;+;+;1.9555;0.058600;198822442;0.303367;1029018065;1.587767;5385916221;0.000000;150716
F;+;-;+;F;F;3;+;-;+;1.9262;0.053167;180410063;0.298900;1013771813;1.568767;5321507554;0.000000;143593
F;+;-;+;F;F;3;-;+;+;1.5653;0.056300;191027469;0.304767;1033660147;1.198800;4066513122;0.000000;134226
F;+;-;+;F;F;3;-;-;+;1.5865;0.054733;185665058;0.312167;1058930999;1.214333;4119240837;0.000000;141769
F;+;~;+;F;F;3;+;+;+;0.9054;0.057267;194221196;0.265500;900575768;0.577367;1958350115;0.000033;165344
F;+;~;+;F;F;3;+;-;+;0.9053;0.057267;194212540;0.265633;900965239;0.576733;1956397431;0.000100;178915
F;+;~;+;F;F;3;-;+;+;0.9673;0.055233;187338163;0.300567;1019543964;0.606033;2055612923;0.000100;174646
F;+;~;+;F;F;3;-;-;+;0.9910;0.056867;192828827;0.314500;1066767418;0.614300;2083686979;0.000100;182060
F;+;+;+;F;F;4;+;+;+;0.6116;0.056133;190358821;0.247900;840801407;0.302400;1025663632;0.000100;169813
F;+;+;+;F;F;4;+;-;+;0.6103;0.055000;186532923;0.247467;839460414;0.302800;1027075660;0.000033;165960
F;+;+;+;F;F;4;-;+;+;0.6587;0.056233;190830183;0.280233;950600618;0.317100;1075611204;0.000100;188396
F;+;+;+;F;F;4;-;-;+;0.6599;0.055000;186589410;0.282533;958358449;0.317467;1076812534;0.000100;187701
F;+;-;+;F;F;4;+;+;+;1.9454;0.054333;184278860;0.302467;1025866510;1.583433;5371358365;0.000033;156428
F;+;-;+;F;F;4;+;-;+;1.8849;0.053633;181963893;0.289733;982781315;1.536167;5210896683;0.000000;132742
F;+;-;+;F;F;4;-;+;+;1.5285;0.055500;188306019;0.292567;992468272;1.174933;3985511812;0.000000;131073
F;+;-;+;F;F;4;-;-;+;1.5257;0.052333;177531635;0.291333;988269969;1.176767;3991802239;0.000000;128224
F;+;~;+;F;F;4;+;+;+;0.9231;0.057200;194006247;0.276200;936822329;0.584433;1982427047;0.000100;177298
F;+;~;+;F;F;4;+;-;+;0.8962;0.055500;188296434;0.264000;895518646;0.571133;1937281263;0.000100;180539
F;+;~;+;F;F;4;-;+;+;0.9596;0.056667;192148451;0.298967;1014124685;0.598533;2030276958;0.000100;179002
F;+;~;+;F;F;4;-;-;+;0.9605;0.058333;197997688;0.298500;1012627101;0.597967;2028349285;0.000100;175368
F;+;+;+;F;I;3;+;+;+;3.3545;0.057900;196370235;0.100867;342079866;3.189833;10820560474;0.000100;174279
F;+;+;+;F;I;3;+;-;+;3.3273;0.055933;189607408;0.097467;330669084;3.168567;10748508252;0.000100;182887
F;+;+;+;F;I;3;-;+;+;3.0826;0.054500;184879480;0.097333;330098766;2.925433;9923696635;0.000100;171314
F;+;+;+;F;I;3;-;-;+;3.1252;0.057533;195267598;0.098067;332705520;2.964067;10054695747;0.000100;168683
F;+;-;+;F;I;3;+;+;+;3.3274;0.054167;183892399;0.114900;389807456;3.153067;10695973070;0.000000;131155
F;+;-;+;F;I;3;+;-;+;3.3198;0.052667;178632165;0.113367;384573231;3.148667;10680991773;0.000000;132815
F;+;-;+;F;I;3;-;+;+;3.1639;0.052833;179295942;0.112933;383017595;2.992833;10152389183;0.000000;132520
F;+;-;+;F;I;3;-;-;+;3.3291;0.059167;200753812;0.121267;411213259;3.143800;10664430983;0.000033;146373
F;+;~;+;F;I;3;+;+;+;1.3528;0.060867;206492455;0.106433;360958327;1.180200;4003352528;0.000100;183937
F;+;~;+;F;I;3;+;-;+;1.4151;0.057767;195916282;0.115300;391075088;1.236833;4195477124;0.000100;214276
F;+;~;+;F;I;3;-;+;+;1.3420;0.056900;193026374;0.099700;338172318;1.179800;4002026093;0.000100;178563
F;+;~;+;F;I;3;-;-;+;1.3233;0.057200;194065019;0.098633;334464644;1.162400;3943103670;0.000100;174460
F;+;+;+;F;I;4;+;+;+;3.3469;0.056833;192845047;0.098300;333439852;3.186667;10809786650;0.000100;189391
F;+;+;+;F;I;4;+;-;+;3.3487;0.055633;188681190;0.098600;334373847;3.188967;10817719528;0.000100;198606
F;+;+;+;F;I;4;-;+;+;3.1193;0.055467;188257180;0.098033;332641900;2.960333;10042196579;0.000100;183711
F;+;+;+;F;I;4;-;-;+;3.1037;0.054500;184851161;0.098667;334601027;2.945700;9992368651;0.000100;176957
F;+;-;+;F;I;4;+;+;+;3.3859;0.054267;184109573;0.116400;394785733;3.210067;10889218621;0.000033;155262
F;+;-;+;F;I;4;+;-;+;3.3351;0.052967;179634678;0.113833;386133295;3.162900;10729146053;0.000000;133171
F;+;-;+;F;I;4;-;+;+;3.1556;0.053800;182516286;0.115467;391609796;2.981000;10112169927;0.000000;138211
F;+;-;+;F;I;4;-;-;+;3.1601;0.053833;182529590;0.115333;391183740;2.985367;10127067525;0.000000;130896
F;+;~;+;F;I;4;+;+;+;1.2519;0.054500;184910154;0.095300;323274302;1.096833;3720628231;0.000100;172621
F;+;~;+;F;I;4;+;-;+;1.2565;0.055633;188719493;0.096367;326857657;1.098833;3727432459;0.000100;186087
F;+;~;+;F;I;4;-;+;+;1.3165;0.056767;192518968;0.097400;330344345;1.156800;3923997443;0.000100;175922
F;+;~;+;F;I;4;-;-;+;1.3447;0.057167;193789505;0.101933;345703222;1.180467;4004222085;0.000100;177126
